,0
0,16.15921700021022
1,323.98712362825114
2,253.17360378549566
3,387.06004994702715
4,176.9423591734781
5,311.1830629804207
6,310.08121891060756
7,61.74837590826846
8,-0.5701832523251653
9,234.409485536362
10,282.89514073725417
11,205.83368808360743
12,269.14754699104645
13,33.99097410662847
14,211.82381979453731
15,284.8817937354107
16,239.75050243316554
17,335.8539611590786
18,139.3249817582377
19,-24.046230457601382
20,15.127312272637994
21,92.25104058528302
22,267.6329866055431
23,161.2928877290444
24,135.40591724328235
25,285.21329099055856
26,212.61958988631383
27,75.02488081981353
28,208.99085447368898
29,73.90704050851248
30,357.1231290513847
31,99.7573920231269
32,133.9196667289806
33,138.34804888524837
34,375.3207742613405
35,109.03704893705323
36,372.35273333406974
37,336.34414896141664
38,259.6915374980267
39,91.55577913659954
40,44.6394141241947
41,224.41632466009474
42,31.316714916658555
43,11.755654593341461
44,94.6641542622737
45,203.70255119915734
46,212.97037880637063
47,56.79097422628422
48,89.88036829609489
49,142.3955199098816
50,267.8067785912434
51,234.76485124566352
52,103.01004775812858
53,165.38956006767043
54,152.544349176763
55,112.23775468784979
56,149.51051311165253
57,252.1110020123785
58,69.18371060914484
59,14.778081082975405
60,72.99650666043576
61,263.97260207328213
62,167.56947276065628
63,97.16982153951993
64,71.26140678957083
65,256.2647216426126
66,380.8204968380027
67,196.08117869894448
68,31.567058578151716
69,308.4029190560225
70,105.3581529873691
71,199.30350370434158
72,83.24694151616993
73,151.30507657637912
74,59.895641210065634
75,33.92217701038368
76,180.81282079431787
77,7.7314874438806385
78,339.9439379446936
79,165.9945059387807
80,346.576154224403
81,139.35599265066688
82,166.23170259345727
83,376.78570369127357
84,232.3572300036594
85,143.29785179314175
86,208.14496090367876
87,264.12639565852766
88,275.5005089800316
89,387.68585674245935
90,191.91769192438446
91,160.74375990620297
92,284.8692925031361
93,113.16436515115059
94,335.53775226435255
95,331.8393213777389
96,42.367521169042476
97,215.83088030382083
98,-33.70962677311161
99,131.38321970826962
100,31.36107204538027
101,228.17235681203238
102,296.56011638678143
103,31.564906212313247
104,140.17625114839802
105,188.8426730039749
106,166.49837060422277
107,121.29391196861715
108,298.5130377835862
109,239.88103222517339
110,90.89442862183213
111,269.38832094320423
112,246.0973582343107
113,196.49215273085946
114,119.9722284920833
115,17.01265371635509
116,33.48288025755011
117,172.76872128867714
118,289.2890523717414
119,10.527018050582598
120,171.17919073985064
121,358.93110076086793
122,264.90001075068875
123,118.3880287128469
124,216.52892537498175
125,-0.25361847917162095
126,202.89101825520243
127,220.31100862298447
128,304.4415040020886
129,334.06323901488327
130,166.04507711177104
131,246.89542777309128
132,225.01573178037026
133,349.7715932017374
134,400.12788230247
135,133.2231637876394
136,168.55832156392378
137,100.30330043500429
138,185.89520179740694
139,258.0825041054736
140,256.7912065483515
141,231.85623078095006
142,275.47134095716524
143,252.15971589316848
144,288.89701351432296
145,81.54749132711049
146,113.72520398967488
147,202.92211445651176
148,316.33095954883146
149,366.79386075563775
150,321.8900962854725
151,304.3137551547833
152,81.217255134241
153,221.42249990330654
154,373.193058305484
155,72.98589440882532
156,153.40937714592286
157,191.06549418383844
158,316.6567160595304
159,108.08970520107682
160,188.8020825046955
161,58.393139387242286
162,323.2023380577515
163,383.10878325454183
164,254.4763614839657
165,352.0697013006129
166,245.24800018194227
167,115.38519795966158
168,220.24925970791793
169,361.53282959589853
170,226.86417746790337
171,202.19551912667336
172,224.95096131771442
173,343.19124226883736
174,252.15349148899702
175,170.80691135017773
176,142.86172473003558
177,179.535422632295
178,266.7305730053268
179,219.63008223639315
180,-21.382698538136367
181,47.16758765983232
182,263.61239756402045
183,315.8799386226949
184,263.3862833178802
185,168.2771858820504
186,111.04422502160563
187,391.88874050201935
188,138.19706772827453
189,188.19012073202742
190,309.59305725972865
191,176.5228932277228
192,42.899714842997895
193,206.75080919853943
194,179.0935429991602
195,62.118008539440396
196,292.7027834745875
197,306.5028320377478
198,426.27188367399106
199,225.61708062239245
200,94.26847849746382
201,282.32982083870843
202,-3.671958560556618
203,123.06567948139924
204,176.6524165374988
205,68.66561341556572
206,304.04232644506084
207,256.8308624840188
208,312.43830511102055
209,61.66254712632829
210,220.51561744961595
211,218.97309318589967
212,-13.638636854694425
213,175.6409693109059
214,267.8447981811046
215,19.59808672367373
216,76.64443516579769
217,87.6870928871237
218,15.173452432694091
219,130.39310150196417
220,253.73353517434992
221,200.57932059946265
222,178.33212673796695
223,170.158267410377
224,-0.9620973038843488
225,240.04828366171475
226,181.63508739881405
227,126.28346698593873
228,132.13745244955425
229,254.21649425830915
230,198.84235556879585
231,366.4147168508747
232,83.8371593720274
233,196.54905701935212
234,228.43839107480161
235,197.94297367959643
236,79.67938187074961
237,62.51493310755164
238,289.7561049746819
239,269.265727734049
240,246.90359109487636
241,236.25194737940478
242,332.3093619136208
243,302.63059446989337
244,135.94149063459096
245,278.96785881469503
246,189.11591827968985
247,202.90030681906654
248,100.15526593530609
249,28.134303232718707
250,97.18954132794529
251,358.437601145734
252,357.2520530946543
253,316.06790080524814
254,13.716523071376145
255,326.19902977093545
256,133.54661783943584
257,-21.72737684530574
258,106.25963906683666
259,170.44283311557
260,198.16197552135796
261,23.427930141736454
262,215.78381488915528
263,244.03230684640675
264,6.40197540658221
265,228.4748267395207
266,21.850374491540634
267,293.25064844342785
268,361.2217600989708
269,134.94761959721603
270,227.50506942535347
271,176.96904284262078
272,289.20937399366323
273,112.02719517986405
274,313.0370837051777
275,253.06196851645524
276,93.45322572635162
277,155.87128882762065
278,202.37025992312857
279,75.88090198025219
280,264.80067148310405
281,113.41591749316578
282,124.86991714283647
283,124.58150042825577
284,280.06047453877625
285,264.28547945341506
286,119.49062885360968
287,104.77981038122684
288,326.88746699768205
289,51.12719321476828
290,123.91949474958835
291,299.9250946758144
292,348.1751689288244
293,133.21138043183515
294,60.1649806849386
295,397.2562055078358
296,255.60153124459873
297,190.4409447963884
298,6.461955287580167
299,286.3789032471531
300,241.7982585130223
301,101.86582763524864
302,125.49087945479448
303,95.70932871791226
304,176.47998333421265
305,117.9717260176713
306,209.01334637480028
307,298.83187537843617
308,208.51297439963827
309,181.9788290346696
310,328.5503058508817
311,329.5123281882925
312,275.6733846825162
313,182.75845787268756
314,228.31990130355456
315,216.3933849735177
316,90.73709125523106
317,50.76635957294957
318,155.95336295746955
319,272.4204684767702
320,50.28112268980783
321,85.19302893496281
322,134.14490252710652
323,17.25475803291394
324,381.72917601034294
325,426.27975658840955
326,131.86490604721544
327,330.1936269150915
328,332.5902723187849
329,83.59340289703768
330,160.54790758188312
331,292.43344915667444
332,287.00837595269167
333,154.4672067582482
334,197.02483673315112
335,263.80816964463287
336,275.28397966732336
337,287.36038869383617
338,252.8115295371846
339,209.06520041630046
340,6.815491891560953
341,202.94256352913624
342,140.59546518958274
343,49.166412251606744
344,86.67891468638186
345,297.4296564242201
346,338.21575579333023
347,227.0509689695175
348,377.79709010559674
349,236.19013898683585
350,76.63733373309219
351,69.69674147457974
352,8.038640690639
353,309.3737543969642
354,391.390636507915
355,117.45566956067228
356,161.39555990845435
357,155.03629250420653
358,26.759230376136657
359,211.1317487610761
360,188.7825095281181
361,134.82482076159775
362,351.52209211338004
363,248.06020579652778
364,196.50326501085473
365,122.32068865427576
366,200.32046803275963
367,118.24263781540971
368,271.706625229609
369,197.383565518598
370,358.690753218872
371,350.42219322742295
372,349.9139499935512
373,88.75017933981208
374,270.02689489515615
375,275.78378114605
376,26.14831326039402
377,176.4306181900289
378,176.31630981281384
379,103.13717328010847
380,394.15189674834255
381,273.9645438614394
382,120.95461101309358
383,44.300998093389836
384,164.26026676150488
385,311.3133374130193
386,111.42159486835995
387,341.1033810990292
388,158.3165238586903
389,63.61260942895527
390,363.2951605611321
391,5.016409163438595
392,220.1949684918454
393,239.90280305830794
394,337.3743494712354
395,318.8046420779956
396,224.95917517125753
397,307.75984212253843
398,236.770455881645
399,172.1778113398133
400,137.6722826159782
401,65.93754967409852
402,337.00008047729744
403,14.763027794887904
404,89.0296972316256
405,196.75728965470825
406,65.7716319987412
407,165.99597447975904
408,202.86879015908477
409,177.661008435746
410,318.25231576135786
411,305.012418156329
412,177.2983942913817
413,142.02633309335658
414,296.9591705428203
415,144.15897987043908
416,338.5526326543905
417,212.69273908271973
418,277.56027464831624
419,195.12594523297113
420,352.838627720473
421,249.4260164778047
422,-25.968937601186838
423,197.11662545664964
424,133.58529196902956
425,225.9187681350037
426,131.49173046812098
427,334.4113829742712
428,58.182520669962
429,89.8580329037305
430,72.78693730532228
431,247.63470073454658
432,271.35044396827914
433,110.0902863977498
434,104.01220065787624
435,147.47512019431034
436,309.1727185415851
437,214.61891653574048
438,74.22191972095533
439,302.99061103493034
440,21.35903011378585
441,185.25704866049472
442,126.12524529154932
443,216.19556516051858
444,255.03156495689598
445,262.94081902598515
446,26.993648434742624
447,362.11337372768685
448,150.5464729530808
449,251.99628795155877
450,203.6800328850859
451,310.07233245219413
452,-34.584754072435715
453,205.73929399422119
454,340.43561465487016
455,223.59309774609451
456,160.03064268234363
457,118.04038330659876
458,263.94397460629733
459,123.44135519632505
460,311.283893413466
461,261.17735101070684
462,380.879287756538
463,124.30627604674703
464,-6.0306788460505345
465,315.03349657528395
466,34.07222206919283
467,123.79460694504505
468,65.991016382006
469,244.06193520948722
470,91.95007235918622
471,170.01495345674698
472,77.67402904228516
473,263.056183642031
474,310.17126161969617
475,329.0378454730155
476,303.84961245433806
477,284.20846167460934
478,215.92486615725846
479,118.36005002273372
480,226.41737592604818
481,38.81713169130717
482,216.72047410618123
483,65.13680143757186
484,346.7860218753537
485,42.22875185355184
486,90.08797235733759
487,282.3065445968663
488,323.8623544805166
489,111.00967633741294
490,96.67576745699817
491,200.25341839531416
492,266.96568525588884
493,377.07697522400167
494,283.97599857562
495,264.5278303187345
496,314.0209458349872
497,84.8333018338916
498,289.4636881195374
499,210.80821024247427
500,76.62438374765006
501,242.47027357278367
502,100.57690798936164
503,341.42786167867655
504,271.0964139559271
505,314.7405624998481
506,350.0020207843976
507,73.74501493442779
508,145.29107565407142
509,90.74389075409039
510,284.7657077602944
511,318.6847325223822
512,249.64758328437046
513,42.91366521213257
514,266.92753437101834
515,336.506410535636
516,333.9532150654129
517,267.5705792823096
518,-32.4717699353734
519,85.71427870593243
520,327.0790542753622
521,360.7538648500047
522,199.71595628825904
523,316.77987831458074
524,249.94571528500435
525,133.2751086195501
526,381.60900147839453
527,148.25128605909265
528,66.86164104035245
529,158.54161401071013
530,23.402193089827506
531,33.90419752691315
532,303.8408869250368
533,311.35717306410174
534,114.19306226632284
535,55.306453738718886
536,316.1686209487676
537,101.4220865316743
538,126.94350396918298
539,55.23824672335394
540,272.0668397648945
541,315.65821860257233
542,-0.7895305206489809
543,111.05231685343713
544,203.01600310653708
545,328.0814774094278
546,340.54515602185256
547,266.34067722914654
548,260.3810732224233
549,259.578639072532
550,87.05683268370532
551,172.74275514283144
552,119.23902638956459
553,73.26209941063678
554,-19.69494848158439
555,107.45184542201537
556,362.5626734510528
557,384.0608241681186
558,425.5814291688708
559,87.08193532692658
560,182.16266613434632
561,133.77083153604414
562,274.9243704682753
563,112.48024490901034
564,263.1440345867286
565,224.67459044323252
566,-27.54229282632585
567,19.63562770798967
568,337.8644854767246
569,130.25924999391646
570,162.45190525815119
571,97.8552915217966
572,380.384226707491
573,152.72324640845218
574,334.00390925288605
575,268.91700460862006
576,235.30502012093558
577,1.6793732863912112
578,11.712055393185551
579,334.5391638343403
580,41.814885635749704
581,294.2535777647088
582,302.24158391057085
583,167.56891029409582
584,45.587974550580725
585,215.4089872912652
586,101.79984126583635
587,301.5694310424871
588,69.5999873930685
589,212.4384965999376
590,304.00619054646995
591,280.8151592473549
592,167.1896155792939
593,33.121396369970626
594,-23.441931900363272
595,103.38615114489855
596,331.23047120944125
597,125.64826984960129
598,109.46858745882557
599,17.753569962205603
600,282.19324895643973
601,366.99404050474
602,215.42508411347154
603,254.37780880022547
604,227.91855716797323
605,383.8203961415277
606,198.1523633396696
607,162.76220368745763
608,212.15664065541296
609,380.07527766303417
610,86.32871773567467
611,204.82570579014342
612,114.93129125181677
613,282.667830688056
614,78.26863022109865
615,139.4524374841577
616,266.0852823967016
617,67.61378521417362
618,241.17284589912353
619,100.0681320517051
620,149.3476969788766
621,172.2015186379153
622,405.369110825672
623,249.24488897643357
624,206.75166048042675
625,213.80589014733135
626,124.01239748552175
627,334.0344621904475
628,266.3229862751816
629,265.94812592460585
630,185.34907861501907
631,265.6242828671169
632,356.27556771501986
633,290.98510368217825
634,320.5915626454929
635,222.67882518054745
636,274.1798764504797
637,292.0080646529953
638,232.95959408992184
639,337.2198678701684
640,203.8493742726252
641,127.48162442237097
642,270.1340161087599
643,220.48433972880915
644,70.95156764943692
645,70.06362019162609
646,-32.282114506857
647,83.61447129621273
648,405.6247334654566
649,247.81396223369097
650,104.9371633403788
651,12.959151635054582
652,227.70352603894816
653,203.2555701880209
654,144.26451822816196
655,334.7715272311282
656,201.6382910054588
657,378.6281359471812
658,133.47270074379782
659,157.72206941315346
660,191.87391515048523
661,177.88535365633777
662,230.09867529563826
663,106.67081676995066
664,315.8664010457709
665,388.938511547482
666,296.70742229123834
667,344.36382906517105
668,327.8932568933667
669,236.3719663806078
670,225.54870544873228
671,175.55475783118584
672,164.5906854164849
673,19.017195716858453
674,176.0323006738429
675,29.143894371620007
676,111.26425218918375
677,156.4309759768447
678,36.101431420135356
679,246.4695130723793
680,118.84660091266211
681,65.69462447584218
682,344.6088800341649
683,106.67466043460453
684,167.64015021337974
685,131.10994513745084
686,259.3962652307907
687,271.2704139453212
688,347.9201096182253
689,-2.172859754148817
690,96.41320065672386
691,289.2700567675572
692,160.59540592272188
693,200.14083683838246
694,344.03309172380136
695,43.91256352852821
696,116.00390761808424
697,352.8034593109106
698,157.64565031757454
699,223.14230593122448
700,117.04853702794239
701,30.66158652516495
702,163.92743438960997
703,84.38489999284297
704,-16.776243840152944
705,64.46773945239367
706,315.9413061505487
707,304.60032357721377
708,155.59442954189473
709,196.43865812364717
710,413.77057582419604
711,203.73496480657872
712,349.48735802962943
713,176.00593328758634
714,167.93379469947936
715,26.827798809982994
716,231.06732997211202
717,210.6851507553386
718,103.84713841228897
719,204.92695102345152
720,371.3648401949001
721,283.8097623261585
722,238.11940126786996
723,99.77929211292471
724,161.70366225630528
725,253.2294806076969
726,35.69531254425033
727,226.09303673143938
728,202.93157292814416
729,196.02490665493136
730,133.51759368080667
731,128.4954514534429
732,196.735265619862
733,-7.814898389129212
734,247.68454174379923
735,17.321800064805302
736,20.094800208235114
737,349.4868415462789
738,304.68272612739776
739,68.12349900144591
740,112.52543550030059
741,278.905338517351
742,257.8366934033579
743,370.77744638632385
744,268.97605885335196
745,129.99549932411526
746,181.70577601334534
747,52.997727627726704
748,282.59587698232025
749,136.22893246257976
750,158.63975926705336
751,121.20412423088678
752,109.08551558082007
753,144.66575096183848
754,126.02065247356173
755,142.00983624418927
756,197.34481639171452
757,386.48545423612507
758,237.4214663934486
759,216.78333977596577
760,248.4176572333177
761,340.9404701159615
762,236.06282308212332
763,148.72802889983137
764,198.4872028104984
765,84.92012278246351
766,63.46080074389114
767,99.78351839809264
768,207.23136436738554
769,206.0192960516878
770,147.7215322261802
771,61.40727255040292
772,244.24751154636598
773,114.32105336986204
774,222.49880359348853
775,102.29968059393937
776,220.94782774013186
777,141.08259815236462
778,335.8449351117613
779,50.033365928831785
780,70.47877394839254
781,367.443028710918
782,340.82914774686606
783,69.51925953596873
784,404.86081504100906
785,188.68107866097398
786,255.48754992835407
787,318.2133989493474
788,108.59463508550722
789,199.1580971540205
790,158.64572353996257
791,282.2495681436129
792,31.737390717165823
793,94.69518707388058
794,383.9881710378453
795,180.49963302405837
796,213.76980548615842
797,331.3750782991841
798,104.88023125579421
799,285.2446883880233
800,-45.5003972747304
801,245.0983339391347
802,286.7613036847173
803,353.5135259535919
804,123.82783580951951
805,57.93951266997024
806,-22.008899749600545
807,165.75392729460776
808,336.3951738285153
809,312.05577230984204
810,224.43701148430202
811,154.9293919076129
812,383.03965144181944
813,177.87553025857596
814,131.19645799323058
815,199.7255089913678
816,18.796792880085718
817,28.1281594688474
818,268.8541916697918
819,337.52749619374265
820,243.24766266590706
821,102.6095145124482
822,98.92114999897737
823,266.93173659395626
824,258.12929071410935
825,155.48257584779998
826,139.61089356364204
827,284.6346196582074
828,188.11412432663042
829,216.07255231501824
830,319.84418379967855
831,119.35825701572695
832,20.338057988562866
833,29.967067383369113
834,258.4944483650772
835,254.72365888301783
836,-0.603978563856856
837,80.68437451576688
838,158.7939099157233
839,128.7652075038985
840,214.73458933991427
841,371.6237815899115
842,72.09608567412451
843,155.4119072763184
844,151.67135797683517
845,328.852196143893
846,118.39570055897143
847,174.95848941614628
848,58.13568764018868
849,250.44940166069352
850,309.14372235277403
851,162.793751813421
852,102.1878357912497
853,137.58054119175353
854,61.46461101348194
855,249.69093228151078
856,292.5428814381455
857,313.7525955578568
858,62.55741813087903
859,322.1161943151894
860,336.37309477846225
861,148.58499172884422
862,161.58857347009499
863,93.886446727528
864,150.31231633600748
865,243.50749157970108
866,255.41178277783285
867,235.9578827679841
868,106.19945578206048
869,269.52194414987144
870,318.84489220217023
871,310.52834890081294
872,240.4806793291706
873,44.07590062047174
874,35.40943186013686
875,264.8992092621492
876,297.470770209494
877,81.34839631616954
878,305.5714287487202
879,316.24681079213616
880,220.10601464467928
881,125.93371433072268
882,68.57901822572386
883,282.1355607181602
884,233.09207148970927
885,210.00475112547392
886,102.40015768699803
887,292.5255276083215
888,216.11973215830804
889,185.16014242699987
890,112.41304575387787
891,71.00194134263933
892,114.63237881750526
893,263.0579355020266
894,56.8209246555416
895,240.26732815913027
896,156.67789330557918
897,75.41124758853513
898,318.6705856368999
899,336.2677230315645
900,207.41560265133572
901,7.248287428748256
902,235.8192862705487
903,124.42364380449176
904,118.34905855201163
905,276.591640683614
906,106.48705271045623
907,205.9524337961235
908,144.79491117442453
909,58.127437370194144
910,302.9215343656433
911,137.72297495259772
912,273.29566440106737
913,162.40595077332634
914,26.646668084824626
915,225.61870286822656
916,131.80784734924305
917,167.84840788419658
918,111.43016899847616
919,304.0244931742213
920,259.77892744418745
921,79.04758681708094
922,366.9187386123785
923,346.22101977575807
924,218.71998476650984
925,270.38644809478626
926,163.63343554868678
927,152.44585079833297
928,120.81204076131709
929,120.36039605793238
930,314.35623908191945
931,197.97764817297855
932,222.4617632725812
933,45.16023515013731
934,262.97067182270416
935,318.93211703044733
936,289.7478986860351
937,133.9344688381239
938,308.1049783925299
939,389.93336512364647
940,262.19773740057394
941,103.30862664694108
942,152.34105533982387
943,55.43352868341023
944,76.37630335081131
945,107.64650243636133
946,353.15177979200416
947,211.35868795328952
948,157.4263234256659
949,339.878766545743
950,372.0848701003411
951,302.3983761297089
952,191.07855257113974
953,-8.7940543317969
954,276.51192812986204
955,83.64240692430423
956,389.4869071601612
957,78.6380638978262
958,41.46218094147744
959,322.6375200054173
960,142.28549219346343
961,110.55037331551144
962,-7.8836715935420045
963,388.96462555455685
964,140.02835004486428
965,92.03112245718586
966,285.1560233554151
967,287.65338454481434
968,135.44789152617813
969,-15.71372984629565
970,269.95525709371356
971,108.56250271139535
972,45.38224540671166
973,268.3773030214664
974,230.77483632100632
975,188.24437915602743
976,169.69326890037945
977,251.00311714459423
978,191.64900296047148
979,112.33928430369359
980,213.00524694500862
981,295.15813045789764
982,209.69573539104573
983,387.85754534284246
984,229.09995703235612
985,327.68579531794364
986,402.37576568375516
987,109.83041460943677
988,345.0937039767231
989,182.60078551870888
990,220.58217890711458
991,313.7691353048815
992,87.51135398454247
993,306.31279845690005
994,236.23179013407128
995,176.0983496797102
996,103.82212526669454
997,230.68725988768418
998,91.99521597639182
999,47.05406907638218
1000,-28.414297896632036
1001,233.40721107121152
1002,218.9721282866231
1003,161.93748533927797
1004,301.66751196408285
1005,293.74717458999777
1006,168.14981454034694
1007,331.38601009786197
1008,83.19173166113379
1009,90.53260878594892
1010,135.90546380306796
1011,187.14146047706194
1012,172.38169671711114
1013,349.9250844388811
1014,129.50776508120157
1015,92.90825667919108
1016,115.42772626429779
1017,426.8094173288368
1018,135.7266781269151
1019,327.5195347773256
1020,367.11793362578635
1021,133.8170482022864
1022,178.15453213255125
1023,275.45485649652517
1024,340.51058232868604
1025,334.8721370280541
1026,399.31638206245805
1027,91.75359973262799
1028,84.34176532395038
1029,187.13943925401014
1030,29.654549854879292
1031,213.61764075463324
1032,349.60557948115843
1033,249.49533588485778
1034,181.4032202474943
1035,139.18901110795238
1036,206.41885455270585
1037,147.29531969658143
1038,323.75765368500777
1039,342.4748522060007
1040,136.4701092375529
1041,371.97680113566196
1042,290.61023096149586
1043,128.6049356916667
1044,273.5771464984294
1045,268.8587988401147
1046,137.28846434284955
1047,264.6472284179316
1048,295.91959635449655
1049,364.2026260521644
1050,95.95898822198872
1051,17.924650498807978
1052,140.00895408470734
1053,235.22812908444592
1054,223.39045808763225
1055,131.73313484500608
1056,261.28973572832547
1057,362.5480994162257
1058,227.6480931418497
1059,246.7520090297537
1060,340.98661097417585
1061,325.3742678521415
1062,192.2189560443979
1063,170.9521342774712
1064,148.99248132965198
1065,238.80546407394888
1066,-7.434091977449356
1067,51.60458866513531
1068,93.25924723631798
1069,331.22411601579677
1070,228.4840709581546
1071,306.4629827296338
1072,164.29230715245538
1073,40.748514887530206
1074,367.8006064927674
1075,290.08169647725896
1076,136.23071583020587
1077,148.0091177370741
1078,5.530668552450948
1079,210.02398811032933
1080,180.05251824202156
1081,321.44352588688537
1082,92.66053021309227
1083,325.4836628882358
1084,167.94592486715646
1085,7.071001164017503
1086,106.22520899074395
1087,75.55416865212324
1088,41.24571694929364
1089,169.48668374886012
1090,124.30629383014337
1091,263.7596736160997
1092,239.87283918651627
1093,1.9162406251200537
1094,188.94034025462918
1095,243.0087435634128
1096,92.39769679089986
1097,174.44144057022106
1098,128.99475238382027
1099,146.76910580415262
1100,89.89922290284186
1101,97.19265630843434
1102,308.7835112677783
1103,72.09887658796814
1104,313.704760533248
1105,113.61860184595537
1106,331.67906524215243
1107,364.78464203249735
1108,104.37112177049042
1109,19.9154040766216
1110,268.8037161645941
1111,31.508370863461323
1112,143.18520111942146
1113,357.2254065139654
1114,260.2825572789486
1115,32.3596410855898
1116,63.769055602710125
1117,318.75548273990387
1118,297.8483157659885
1119,306.53026892364323
1120,86.00343740653955
1121,300.78524388333244
1122,369.59531096973194
1123,52.103139082876
1124,73.45145584061045
1125,244.64751798955615
1126,193.20416650428712
1127,243.71567233808605
1128,209.3491323494973
1129,107.25931737167187
1130,145.98699056630676
1131,2.9008033399695137
1132,33.17801280414659
1133,210.48311641000558
1134,292.7807709328926
1135,329.0885995844526
1136,46.79876764738995
1137,207.87112940257163
1138,260.1876754901055
1139,-56.76332927654727
1140,308.8701141627856
1141,35.6433219557579
1142,215.43697802630578
1143,193.42230072037955
1144,322.1890755812228
1145,295.72088325113947
1146,24.14949529721227
1147,8.692740339914508
1148,106.9834789761902
1149,263.3684220351414
1150,143.68629332909438
1151,114.44330820478248
1152,134.57661697023494
1153,22.23790142826641
1154,314.6749949627897
1155,-7.729999810724621
1156,174.63696967124235
1157,251.66231132113433
1158,42.72291987056036
1159,119.84760339836316
1160,224.65436994181704
1161,29.902189558630198
1162,229.29399949571126
1163,129.53644670288315
1164,162.5152536004037
1165,281.3181535545612
1166,145.11751073026903
1167,126.61955973444202
1168,217.43900455592262
1169,84.23350996580746
1170,88.54402893806419
1171,266.4297112897125
1172,87.42821602699071
1173,322.41014363611055
1174,290.38734570159755
1175,106.85418333613526
1176,45.41032759914262
1177,237.807011987279
1178,115.51586370954293
1179,161.7358724728038
1180,263.8284836920096
1181,315.09181379481197
1182,193.38588147594118
1183,126.12897155582831
1184,230.3191489525085
1185,23.62767053488045
1186,119.09047358406522
1187,109.8844479616256
1188,166.540703529261
1189,311.9110129238695
1190,204.83005776187343
1191,136.88413936058916
1192,225.68628034009794
1193,-14.60890237331165
1194,-3.7224825026580106
1195,114.51700031535012
1196,201.63087981576905
1197,82.0895032219415
1198,380.66558714889203
1199,373.6948387538947
1200,381.61190382477656
1201,292.72687362556087
1202,105.52500956181345
1203,335.4612029772824
1204,378.34532134213094
1205,142.4291868896126
1206,41.607246406151376
1207,144.12637211056256
1208,184.93283121480115
1209,405.1594400851604
1210,46.91213807780329
1211,251.5925334581658
1212,248.09052974831081
1213,56.45015736454528
1214,27.75161906510894
1215,167.18071927513833
1216,276.9386581795894
1217,309.4161061107445
1218,150.8619940537605
1219,0.5422057908596116
1220,156.92439328606667
1221,342.9336637182429
1222,252.43252663835943
1223,245.14899091335835
1224,322.1126777218417
1225,378.5813129312343
1226,337.31675813056074
1227,291.16473960543146
1228,151.0310235770702
1229,21.183559711453512
1230,364.2628936114086
1231,8.170734233389396
1232,63.33977340979922
1233,54.33307506002879
1234,287.6958120381871
1235,194.51653579229406
1236,180.09431159306328
1237,185.2333596496294
1238,246.09348864814632
1239,243.2670812606573
1240,47.473353438689344
1241,142.42567733486806
1242,321.36117951175754
1243,313.45637562411395
1244,151.83405727613422
1245,196.40247128948224
1246,245.4676202863099
1247,27.76502951638355
1248,281.4575081220588
1249,123.94028352624053
1250,333.16268241691296
1251,435.4598592684449
1252,174.42966148784745
1253,112.68251189420036
1254,116.99154046669646
1255,198.16937210581477
1256,208.22687464844415
1257,131.01243679323184
1258,268.01613749931374
1259,310.90162905690863
1260,264.65168159579235
1261,89.06292473894983
1262,262.8117826779179
1263,391.20110423438655
1264,254.89483975235407
1265,151.81895122980998
1266,295.15439233877703
1267,250.00426380993235
1268,181.8649188700762
1269,174.32718629891758
1270,206.20013758833204
1271,286.9350266868412
1272,73.4704648212965
1273,75.94359247544658
1274,322.16476713095335
1275,328.78733610452
1276,223.50976050791195
1277,126.02604005108631
1278,86.66832950628626
1279,322.0889309860838
1280,232.45635041917427
1281,356.8270423876742
1282,340.3907549186072
1283,68.27290650357526
1284,165.69892396264308
1285,-39.816467990193416
1286,268.4930052088516
1287,144.57085383641714
1288,52.00995689423385
1289,171.7590858286515
1290,14.80807732429787
1291,157.25838807594744
1292,59.23269467858307
1293,13.262179887846742
1294,148.84576894549252
1295,234.70571310357337
1296,-10.458258337642178
1297,-71.34175887639577
1298,233.06922407198516
1299,111.36939795203094
1300,61.68603695602894
1301,358.26427243206297
1302,214.63732601064078
1303,164.06339450146848
1304,111.01998802817867
1305,59.88138005094828
1306,52.88833208412973
1307,16.933592742187955
1308,22.273538629102035
1309,163.4088161362438
1310,210.01769455822802
1311,260.2353180379935
1312,184.7201149098551
1313,125.01233294977317
1314,116.87293900822431
1315,335.95059999589284
1316,263.1885041672707
1317,303.7684526082203
1318,279.6196608447831
1319,382.7646229782837
1320,249.4606519599655
1321,294.2187878173761
1322,214.87056775429616
1323,236.35418727485848
1324,94.5733323418932
1325,50.56951735289624
1326,291.145078063804
1327,306.1418482191635
1328,-67.56413152859506
1329,40.8264325869865
1330,69.92759090370876
1331,165.87562111974134
1332,211.00475682132407
1333,67.31650415405511
1334,204.4161505400913
1335,159.4731023195325
1336,83.71089154577062
1337,37.97060690073249
1338,5.246226151948747
1339,146.17439957023828
1340,49.34430805069678
1341,239.12146926051565
1342,218.46434366146502
1343,268.5962107670905
1344,100.37349611578249
1345,157.0820510902068
1346,58.13550155899708
1347,232.20210339035586
1348,233.91288841779206
1349,287.1468755304062
1350,152.85090420585757
1351,185.12473339442727
1352,166.70342565404405
1353,252.02889178183392
1354,243.27523398307792
1355,50.41408011646894
1356,266.73939374269855
1357,236.25405372319085
1358,46.40174331265729
1359,139.59893242917119
1360,97.99100713401971
1361,219.64307669587015
1362,85.04691883328222
1363,235.73586892000233
1364,111.0503249411833
1365,34.58084194354984
1366,-77.74788009978016
1367,288.4051961104324
1368,309.49281144966017
1369,190.92946633056312
1370,42.007482952663196
1371,332.53342347794114
1372,325.9522936532588
1373,300.3128645231791
1374,108.55126492960356
1375,154.05796674765946
1376,138.75458451118436
1377,302.50402903369206
1378,161.75988048254743
1379,297.8990201362294
1380,83.00468047305034
1381,154.82228170247146
1382,256.4507926467536
1383,315.0974714190593
1384,186.2950390389039
1385,246.0791792782245
1386,163.85444808701942
1387,106.39856716624087
1388,263.6563596711162
1389,286.56134044340047
1390,230.61286298959982
1391,258.30717839067853
1392,211.73698512811552
1393,303.55206413322594
1394,266.393457927961
1395,396.69607269208507
1396,57.211119040032315
1397,228.96644834178505
1398,310.99544460057047
1399,116.92024341783117
1400,185.29097412381225
1401,188.5296260232415
1402,68.1351808252497
1403,304.6182653409088
1404,110.7010683111227
1405,133.84323908702635
1406,184.65751929654184
1407,195.24251145131208
1408,392.4066458280242
1409,352.6011918352658
1410,163.22046210125785
1411,183.30717504838256
1412,213.59577087430026
1413,40.178171883500454
1414,117.95466356783928
1415,71.21301322836469
1416,231.7712497736306
1417,157.68338488758735
1418,306.3498619513373
1419,128.692740912379
1420,254.18050465687617
1421,172.67557431616552
1422,32.036776472321094
1423,81.07085054372607
1424,276.08975779255604
1425,120.73118918613812
1426,371.00938043870485
1427,306.0746715224639
1428,265.4699251009218
1429,295.6866068150092
1430,61.3868606834462
1431,206.48876478286599
1432,92.59731493265508
1433,262.6148064335368
1434,174.7130661693932
1435,339.9180084891527
1436,272.7654506056871
1437,165.34654927938485
1438,266.43798735677257
1439,298.2841067336813
1440,281.93345567105155
1441,189.25567580162112
1442,299.632695157611
1443,350.08695892304337
1444,306.4697565355928
1445,190.58486403102046
1446,214.60620457920504
1447,168.45252569893498
1448,348.18866218643836
1449,168.35617029436668
1450,365.78825914711524
1451,93.08113205755956
1452,-7.192963345173666
1453,210.45980168376744
1454,233.6983337554562
1455,227.1300441627002
1456,114.76166247248568
1457,68.19561930861867
1458,174.79801841810834
1459,119.46568989091489
1460,316.9568367719336
1461,245.79728246880626
1462,278.20305502870156
1463,199.77316886599607
1464,-28.454780325673056
1465,73.30248366386685
1466,7.0922233487747235
1467,271.0235590233192
1468,282.0496735524358
1469,176.4717318640454
1470,48.39979718654715
1471,113.86974039751556
1472,289.8536865387291
1473,62.509737306439476
1474,367.4894461317413
1475,182.58527502498367
1476,299.9625908232934
1477,154.08407560271382
1478,121.06448501739638
1479,300.50403163499624
1480,34.00864527662492
1481,199.2811220275457
1482,254.44932389975557
1483,179.4302982147789
1484,139.62036577096626
1485,320.0305662577251
1486,346.06111263867615
1487,148.0401655672362
1488,178.99739797651438
1489,201.93598259277502
1490,344.96848343105324
1491,33.049361519660465
1492,107.18643697917881
1493,88.33052709499003
1494,25.612799292568468
1495,114.81541253458053
1496,9.113134045130664
1497,-39.72218864895598
1498,215.2403615943107
1499,27.972951028411927
1500,184.42097300045674
1501,175.32554673525473
1502,235.5690905492983
1503,333.5787565298724
1504,389.3021026642188
1505,196.2518192240712
1506,110.81494198392738
1507,328.45773252336454
1508,18.66907539752168
1509,2.017779062937052
1510,89.38313683268478
1511,145.06578844084956
1512,117.00948370706453
1513,335.61879365864786
1514,60.16327570404067
1515,210.40815712184295
1516,77.9381799401961
1517,198.70828020655279
1518,148.95096583970036
1519,286.13977980016966
1520,201.24896386225493
1521,174.32145331787947
1522,54.345231156063164
1523,196.0199459359002
1524,69.253120663432
1525,245.84334873163021
1526,382.3325284448309
1527,133.89706273096033
1528,61.573666335764074
1529,-52.05796859437544
1530,173.88225294915281
1531,384.1277312839584
1532,197.9993544048856
1533,102.94821862361769
1534,196.62873309331542
1535,21.438204469134092
1536,104.10491300825811
1537,414.50795342042613
1538,33.07652425124979
1539,360.4823352970907
1540,345.01476988530624
1541,-18.50521264250557
1542,369.17390093614773
1543,199.69682822079324
1544,33.10055226336053
1545,131.47915645725266
1546,247.90317577458597
1547,325.50967380043244
1548,307.9964453790217
1549,280.975748091283
1550,49.969595376760225
1551,228.7637502726448
1552,294.32711837444367
1553,204.16554457037478
1554,149.74454043714286
1555,248.22701509240545
1556,148.57703471597094
1557,101.06775201131441
1558,278.5659668467353
1559,128.1366326968125
1560,252.19833545568832
1561,96.24199016767372
1562,326.64919407493426
1563,106.38912923615192
1564,334.61009137143924
1565,292.01860012623115
1566,305.00734140506887
1567,306.483801048288
1568,240.21734295993065
1569,159.63648207915233
1570,13.193737506497428
1571,389.4227107125649
1572,174.59212818745846
1573,53.89414704625838
1574,-9.451744257524808
1575,116.01289491269522
1576,156.27970625230913
1577,326.04074423169914
1578,137.5494304767329
1579,120.75065798322372
1580,278.90027089592496
1581,27.644062499315424
1582,180.10441424546465
1583,244.55052478653272
1584,217.45271928807045
1585,255.85342498748602
1586,156.32164694502075
1587,109.8662612428249
1588,310.97933686411307
1589,172.3389251460732
1590,241.50473091052794
1591,148.37048637651367
1592,174.24408373492665
1593,13.133509844416722
1594,336.9349238294846
1595,19.608789981866607
1596,-43.98438242963374
1597,85.5028266250363
1598,161.3977066249894
1599,196.6863271258821
1600,432.4643303344478
1601,237.89787829946744
1602,286.51126369357956
1603,305.9085782539322
1604,53.47522434061591
1605,154.91644442146708
1606,34.68577682125215
1607,293.963472499721
1608,20.67620733647223
1609,87.64060710001704
1610,205.46164457323528
1611,158.7549060307524
1612,122.69275593458286
1613,248.76325262216938
1614,209.571060805678
1615,360.4624311726367
1616,201.34945048882327
1617,342.2856408709695
1618,371.8368724993583
1619,134.16647630692717
1620,103.70042510940769
1621,309.20247674024665
1622,306.5799401498075
1623,41.0776229721603
1624,243.62077755196643
1625,190.31177913186716
1626,290.02240627575475
1627,171.75783023800426
1628,366.35336393759883
1629,339.53171429258464
1630,221.93311387906547
1631,83.6496574047947
1632,89.48181174499466
1633,93.22391906969357
1634,147.57842049546446
1635,174.2307566516099
1636,165.648732925859
1637,349.4750000235084
1638,304.6726707672661
1639,118.22402395281449
1640,-67.00263127155944
1641,402.8814731265445
1642,232.91845920628037
1643,66.11665934301979
1644,383.49217244262087
1645,80.70504367601364
1646,126.26795289392851
1647,360.4087326079128
1648,1.6038551193317119
1649,162.68902146229334
1650,158.62580239787437
1651,159.63959922642005
1652,166.25342295639842
1653,136.155341172041
1654,64.11279395926583
1655,-63.172670311865545
1656,218.95365096736688
1657,318.7915896974338
1658,318.3534251357821
1659,192.25824153572128
1660,75.60318180921695
1661,322.41445903186025
1662,173.9168134748877
1663,216.55832462050898
1664,300.41997249732765
1665,67.68030127237023
1666,103.6263383034678
1667,395.54268479130974
1668,234.419954012845
1669,118.08601709693944
1670,26.496316309046364
1671,331.82294039101066
1672,72.67588904820005
1673,319.9333385709484
1674,193.88572553014197
1675,200.04019589870302
1676,115.6500176322227
1677,204.5286395100626
1678,324.6318278144101
1679,188.76484483400156
1680,-18.377677300721018
1681,183.42543213602875
1682,258.37931033037745
1683,76.16661633917911
1684,312.5133080006255
1685,234.9882345993446
1686,360.1696627788931
1687,329.8081294365394
1688,142.38348356518276
1689,72.2413237973486
1690,264.19317190501636
1691,-8.00191414623265
1692,204.02564068022156
1693,44.8726735428952
1694,273.44401945443735
1695,252.01039842932008
1696,316.14368073597905
1697,132.16586002280062
1698,239.15971227039557
1699,183.43894099137808
1700,277.39621718559164
1701,246.9472318392781
1702,93.7383690199629
1703,4.683301059840858
1704,309.1336302381379
1705,183.30996956379693
1706,100.66825560861511
1707,-70.28415514109884
1708,286.57947684059184
1709,397.504694082239
1710,230.42152842439097
1711,119.34164350397243
1712,228.1770474323079
1713,137.37245362283323
1714,209.19596697604223
1715,141.23455649472544
1716,136.66179472036583
1717,262.8097007173403
1718,131.68660956285925
1719,252.13066632880575
1720,264.42900479541584
1721,124.56244704972163
1722,267.30148904388903
1723,69.09707730488289
1724,202.60008613933547
1725,113.44699421293502
1726,111.03706008248025
1727,346.26787893657126
1728,116.21145748659725
1729,178.1411762958456
1730,34.10144398791073
1731,296.76823952652325
1732,160.63127955048463
1733,44.39791550712519
1734,234.1954169351706
1735,114.4608540659595
1736,66.3794416079934
1737,-38.0840379127219
1738,329.3726719244371
1739,55.547915609987314
1740,375.4228751138174
1741,124.36806315404114
1742,165.0238626221202
1743,332.94477646889135
1744,108.80682236422132
1745,263.4319100846887
1746,276.6280174811007
1747,288.12955391008774
1748,77.43341320644367
1749,168.34752290845415
1750,302.99043081975583
1751,162.4781607258749
1752,48.99673876267374
1753,369.54012957447986
1754,145.2602158334842
1755,19.43263606365045
1756,161.57012521028804
1757,74.64203817498338
1758,166.64745502610117
1759,176.77244412734225
1760,46.137650877929104
1761,306.3962753032221
1762,190.74616665617017
1763,73.8036566945556
1764,184.9620297801969
1765,194.35748970718868
1766,150.99641074475142
1767,134.74171570643918
1768,402.9619629589113
1769,240.51908376083395
1770,102.46241399803941
1771,32.69684893587578
1772,307.373123637434
1773,38.513581669971586
1774,93.98135396506116
1775,53.557160276300635
1776,-3.2832241312048893
1777,113.3135509672072
1778,273.25774453483774
1779,68.96240731431809
1780,41.33025859237503
1781,135.85181576345508
1782,244.44038186979185
1783,158.1084466245223
1784,171.31606903676834
1785,306.8928531343228
1786,271.7650977043859
1787,94.4946393625597
1788,136.1003783054207
1789,257.9537733122179
1790,176.43271242617053
1791,335.652373952394
1792,278.5023987903645
1793,250.15571559744922
1794,417.1335318126733
1795,22.348497250176678
1796,337.2336391783702
1797,82.07484234701839
1798,170.45177758750523
1799,122.14856689917077
1800,235.41895312075656
1801,170.96228953534572
1802,341.6265101705037
1803,287.9123991365866
1804,89.83410424770207
1805,123.81030733865842
1806,111.3473739295644
1807,167.7121190568243
1808,95.97038205478373
1809,341.4539997331235
1810,377.55562040410234
1811,202.57486952937526
1812,244.13460845978682
1813,296.1775201080069
1814,226.3139908711092
1815,336.54832668435046
1816,241.40576087861749
1817,119.39816340857587
1818,239.7849332830872
1819,21.05705111250228
1820,318.7420066918295
1821,71.82672262692272
1822,265.7602758797118
1823,317.80340637370296
1824,317.26058776368603
1825,261.7899810362362
1826,355.7027582306383
1827,191.60482009930124
1828,245.83364856188072
1829,84.0566056242505
1830,96.43737853512295
1831,52.11003941981613
1832,202.1135713434268
1833,28.26371490117947
1834,295.9074186554355
1835,370.9747487078176
1836,270.11412538452515
1837,325.28585156064116
1838,24.355562431082006
1839,320.0939457397387
1840,27.80902824124263
1841,99.20709181126936
1842,257.66546725096845
1843,377.8534097269047
1844,115.96954185498116
1845,333.3259623355069
1846,233.7135983547666
1847,318.19537531830036
1848,241.71888559294388
1849,276.9762150063973
1850,66.30122522291367
1851,70.48471863826671
1852,161.52575491541828
1853,128.2025431011382
1854,121.8182393678584
1855,96.64448167995258
1856,263.1094862053391
1857,97.28730296557715
1858,347.8953274712417
1859,321.81297674055133
1860,232.18104645217136
1861,93.8041525636614
1862,20.01285899170543
1863,81.65648238258395
1864,272.1553025225267
1865,341.08573782687427
1866,348.4396419289739
1867,136.6701682750055
1868,175.96952554211123
1869,66.84596746269119
1870,399.7805027241275
1871,139.1316052424231
1872,193.93353079683985
1873,292.17706892046857
1874,195.17920864786532
1875,235.63820607060154
1876,107.1840954047502
1877,296.40116534709296
1878,218.44537848644015
1879,292.9116610595714
1880,150.03712723562688
1881,139.1968598036874
1882,133.75070554369296
1883,297.82088023124135
1884,193.57400346891265
1885,30.610307127409612
1886,255.76191005240463
1887,318.77839240507853
1888,107.34506846518177
1889,327.25392187230295
1890,-17.273667450501932
1891,91.06075454281218
1892,49.08014233132505
1893,74.00984551840978
1894,280.03141155374817
1895,279.12022110980763
1896,71.59703165745988
1897,154.04614976239833
1898,57.84651516779678
1899,128.1217963167606
1900,321.54580558729947
1901,199.53928128460518
1902,-47.73861050740652
1903,98.50754030369704
1904,77.63535421769298
1905,361.7598316475911
1906,265.4869549640277
1907,183.71493835702276
1908,223.68885159609079
1909,48.94436445565492
1910,387.2650190765381
1911,249.56985452298184
1912,156.0796228342894
1913,352.91990193105045
1914,406.90389116634617
1915,155.81948774962643
1916,19.550772677095267
1917,311.406229254889
1918,192.01502411938077
1919,305.2239629263425
1920,305.62287614960934
1921,168.49296416813988
1922,187.4595037227259
1923,284.3050742850877
1924,246.2566110254618
1925,102.25898410992188
1926,60.60236925717166
1927,277.1899074690824
1928,-2.7683137481768085
1929,74.89229897772584
1930,8.675502292525863
1931,305.48529328470664
1932,342.2770402156077
1933,61.33330649824464
1934,43.93744303385898
1935,93.4837017784831
1936,282.2300503820903
1937,220.62779067648236
1938,404.3056063253371
1939,227.56733571864777
1940,60.67822193293091
1941,108.6540783374492
1942,252.56544104747263
1943,256.8754717701963
1944,133.8676542454354
1945,321.57412051433425
1946,86.45895993338014
1947,266.52920045477526
1948,128.7080675392419
1949,92.73224006668234
1950,110.83087285644076
1951,281.3658838408098
1952,333.3990830263474
1953,232.95479580249463
1954,-20.758135226837624
1955,175.42090560683323
1956,264.19767648954905
1957,245.68006979751266
1958,279.74469310418795
1959,129.1387485835159
1960,89.11606726142489
1961,103.74898678004209
1962,97.44036280893081
1963,121.12716029669707
1964,132.75607991894742
1965,198.1801311665587
1966,163.25561778665025
1967,272.7149330952293
1968,267.43427071946934
1969,328.1039596014123
1970,200.8033195994105
1971,348.53936384006613
1972,9.791033074232672
1973,195.2852312309374
1974,54.322903083290214
1975,57.564850467093436
1976,184.48422279270494
1977,18.847999489932022
1978,165.50391427027756
1979,-1.1355658294176578
1980,28.376654355896733
1981,260.35704823214996
1982,209.85953598427085
1983,113.65275636712735
1984,245.36229264715394
1985,123.28921166307686
1986,210.8515980803034
1987,358.34683005233325
1988,329.9622999381736
1989,338.55114347112124
1990,301.48551126787487
1991,269.30870047956853
1992,151.11301814881918
1993,317.15193215731995
1994,69.33967903423009
1995,197.10787080078404
1996,68.2642817437712
1997,29.615459994574053
1998,281.22915199808654
1999,367.73358364938537
2000,183.0028075979069
2001,188.00535439207977
2002,169.17746888984186
2003,81.87721398805488
2004,256.999984726632
2005,374.52151828450707
2006,37.92772351017635
2007,65.66939105680191
2008,207.45543714592992
2009,143.10584328424318
2010,301.2998834590861
2011,125.50205633862791
2012,82.7843041221416
2013,284.53731412445245
2014,300.21314614810916
2015,422.78639450566595
2016,245.5587907703898
2017,296.78793870432617
2018,308.5949738491501
2019,186.18840804276294
2020,41.4307295779993
2021,62.42711818556346
2022,113.17048213724873
2023,257.5906283812293
2024,311.22243594252893
2025,264.4251744057401
2026,273.8670920075418
2027,270.3400981293349
2028,266.5211789462272
2029,209.59834528296756
2030,229.52516143762935
2031,142.82049953441546
2032,176.4907180611677
2033,316.54947258540415
2034,61.633352346201576
2035,98.75633654659863
2036,141.0082003517374
2037,370.40482046865645
2038,48.9606720900093
2039,44.14086370645401
2040,164.86487945809967
2041,89.29278411184171
2042,305.0041485096843
2043,225.13362593270801
2044,258.82637186570685
2045,206.99827354898568
2046,133.86344059169528
2047,146.8697144673316
2048,189.36613557474334
2049,387.9429750026719
2050,297.5109975375768
2051,205.58406039101422
2052,126.76047964113627
2053,30.70249973608685
2054,132.6287920002984
2055,170.40458813495644
2056,230.7341500694279
2057,5.7834912884758864
2058,273.44147610301
2059,46.21405965088843
2060,171.5251665858152
2061,281.71753899812177
2062,58.71257321017907
2063,295.188130173384
2064,94.399369608619
2065,281.28424736301884
2066,372.1883209709348
2067,108.22425754955708
2068,94.08951653783376
2069,382.4528538899327
2070,160.43303909485712
2071,168.34417100271264
2072,151.83593200211362
2073,62.988258577971976
2074,107.79501725616048
2075,112.21710973022815
2076,114.43892479053426
2077,320.7313652189524
2078,199.49289145690588
2079,85.68696918517549
2080,318.4303538952524
2081,140.13804225014286
2082,239.55366722769196
2083,270.5980044757838
2084,307.8677441054539
2085,84.99567398071561
2086,170.99379897016757
2087,152.15768764546732
2088,333.48784474655145
2089,151.98816145773668
2090,232.12301875564208
2091,202.13516003557004
2092,178.01267082573833
2093,288.2629244681326
2094,2.76958120708656
2095,127.81054738231978
2096,301.59100175247073
2097,289.8660476631969
2098,176.72705241619042
2099,186.8687352560419
2100,318.5006551350273
2101,223.7588668166643
2102,125.85373918135684
2103,303.9622718602174
2104,145.16837005775284
2105,348.4748090715771
2106,201.86496325960712
2107,115.79028272403646
2108,278.05758380259596
2109,186.0709889149539
2110,54.3139304731545
2111,303.25377011243404
2112,172.96610313088593
2113,68.39647140636589
2114,277.78078349486873
2115,142.2598596082157
2116,376.9141981031854
2117,79.66461493691907
2118,183.2848157993833
2119,286.46496624371673
2120,228.40389447205985
2121,298.14460321414253
2122,51.92717130264529
2123,183.46934177406754
2124,233.43745200585153
2125,322.3440804193166
2126,391.6929299216876
2127,121.07416061848394
2128,421.03012993476125
2129,186.15380693529463
2130,68.65975922396785
2131,331.99492563241233
2132,255.8917961020562
2133,235.4201438570222
2134,172.48758758080152
2135,238.6283300059104
2136,307.2886296769982
2137,184.96811531207112
2138,172.3686849513781
2139,-52.75285591426035
2140,115.76585054339142
2141,350.9149063265994
2142,331.2432306809073
2143,332.61944802784296
2144,305.90248709096926
2145,262.00385319073087
2146,69.59661497791082
2147,132.4713062575973
2148,329.3426589604057
2149,180.39233528446442
2150,54.43185868971392
2151,416.6198259924248
2152,358.8944905709709
2153,249.60160816372695
2154,322.44494881388243
2155,72.79647624634008
2156,110.78615798716913
2157,69.91583585951774
2158,95.84630455285323
2159,81.79503145869195
2160,226.86832425560803
2161,158.58275516677153
2162,30.9609744125099
2163,261.3271901086537
2164,255.12697452901233
2165,-29.66880263987059
2166,210.9982983406739
2167,353.8872439625477
2168,210.7361527695534
2169,213.89277691333314
2170,147.2897895130884
2171,-7.947596772188746
2172,40.86229711470688
2173,156.68381593011657
2174,156.1682494130854
2175,277.1726822581818
2176,164.20272864748614
2177,48.60458335859167
2178,43.757246168981794
2179,44.30524476122048
2180,112.54062007515645
2181,368.42048547042714
2182,88.91953032998094
2183,183.9708615541018
2184,327.0909253260012
2185,248.61541668604391
2186,89.97429594481567
2187,281.8144942701314
2188,178.01528702723755
2189,39.52171053955192
2190,340.3095403984322
2191,66.69816092386526
2192,63.34803983844506
2193,261.9600675589433
2194,287.09260298692544
2195,202.56356624796135
2196,1.6030768464740959
2197,285.869100855555
2198,243.33288308264395
2199,298.1726823705412
2200,335.8715955925403
2201,287.90463914383736
2202,307.38355952575273
2203,207.85481284571182
2204,180.9822990937023
2205,260.8118651658574
2206,213.33837243978883
2207,319.44487299474537
2208,-33.07726412569241
2209,66.4930804375334
2210,268.4918547065105
2211,210.75937857621153
2212,226.66965510794998
2213,255.45729158046947
2214,224.9819406675085
2215,308.25678875522476
2216,248.67817989288025
2217,260.60356258512
2218,259.869118313255
2219,192.38128333155515
2220,209.76152524451672
2221,245.81816595795223
2222,356.05632735343977
2223,162.09790027407323
2224,193.8884206788962
2225,-9.357713033763758
2226,67.19062139511014
2227,44.646314461134864
2228,227.19269026756672
2229,147.79108938753308
2230,387.9306875681574
2231,325.20504211979744
2232,189.0339365562245
2233,86.77030226024513
2234,190.62546031380063
2235,229.6347139487053
2236,86.24553216990415
2237,186.18498806351647
2238,172.12387505735057
2239,-59.68112220760662
2240,161.5753846217861
2241,370.0827654182978
2242,102.55324271158005
2243,361.7723291283917
2244,311.021141887798
2245,184.85848162635278
2246,55.4032903637285
2247,148.985481629527
2248,75.72632695950261
2249,175.90566061301962
2250,160.35138020422676
2251,16.640298307052717
2252,182.4123844144914
2253,139.7316164853045
2254,101.50463809763076
2255,311.7932181920954
2256,318.1597461656802
2257,277.5778503432065
2258,242.74165727309884
2259,77.13753188877277
2260,166.78582566638516
2261,75.598905783931
2262,249.03478482577646
2263,145.3375364074952
2264,225.45292499027624
2265,215.13011776080234
2266,28.69483431656056
2267,216.18241955569675
2268,204.92282780513167
2269,51.52632259918872
2270,85.5341014351998
2271,98.57677878303147
2272,329.4383495365042
2273,130.17103558170032
2274,140.61275412620094
2275,130.7956962334847
2276,319.74495936406396
2277,192.83617905292658
2278,94.99868903935811
2279,224.0664657510224
2280,260.88070844462607
2281,67.73280272490072
2282,229.34044853654308
2283,258.2207902453039
2284,69.22199464095513
2285,406.2752131896129
2286,320.66599889927477
2287,327.27959618266306
2288,355.2830054149853
2289,257.7818088173461
2290,171.59290864180534
2291,318.86807155953693
2292,98.95739237425212
2293,113.9257579034298
2294,123.16045650996035
2295,271.83676336150006
2296,-1.1736838607442337
2297,223.1934346289204
2298,57.68652781727778
2299,108.1862926735414
2300,64.38554841263272
2301,271.2312616570347
2302,287.4039578075395
2303,215.60006464655027
2304,253.11605172320594
2305,214.92643990272148
2306,391.672789061556
2307,26.16962005421101
2308,201.35068034104165
2309,117.37184295142833
2310,220.99332216419253
2311,96.11743290708748
2312,163.78312814112908
2313,101.41468566306318
2314,161.61140580029513
2315,333.00579678801785
2316,164.40691998746072
2317,2.343094128314476
2318,231.47276408525386
2319,314.26802715616833
2320,27.065854518382622
2321,163.00145820299494
2322,105.6991636884525
2323,314.4332342566334
2324,142.02864349983668
2325,262.8160073935112
2326,410.2218264591554
2327,-48.90527544846708
2328,120.46091426689742
2329,42.8168707821597
2330,116.57804040174942
2331,329.3956837618382
2332,85.95362239957558
2333,100.96142715566185
2334,271.24666255220967
2335,115.57689729118866
2336,78.88591219882741
2337,226.3840714890519
2338,219.3608791259046
2339,193.70220688574153
2340,135.2101823120613
2341,314.9723293850391
2342,136.1564658710603
2343,129.81764627257564
2344,134.4414081405327
2345,176.59174072624768
2346,4.822390629227186
2347,233.02942601588313
2348,3.232260214341494
2349,213.47717594660728
2350,125.02881287647534
2351,196.9547432729342
2352,285.0749455243672
2353,113.47567763816735
2354,409.4562836240581
2355,95.35128859626401
2356,340.17820469216065
2357,-62.68289246399297
2358,110.67546134485524
2359,138.788124144935
2360,300.50606982474136
2361,95.74903795548862
2362,104.79201484612216
2363,284.8726603678595
2364,106.25578888907762
2365,341.9966040377047
2366,165.05574634608678
2367,292.0124073011275
2368,279.98010364341815
2369,108.73629661762597
2370,196.20219196928247
2371,187.87884954580045
2372,-28.32946979406981
2373,144.5452186415406
2374,230.75941034989904
2375,159.64986922947134
2376,329.6121855483588
2377,123.05630732647313
2378,265.9581733237585
2379,41.661034461393086
2380,24.42810331027144
2381,228.27353860191792
2382,189.1767905955612
2383,118.36294111035517
2384,85.9776065963174
2385,256.8346820422774
2386,231.79203867444096
2387,399.178366997813
2388,238.79523241800993
2389,127.30127132607373
2390,209.70502015343305
2391,68.6708807297635
2392,262.10522573573496
2393,233.60119753636783
2394,324.2745167977381
2395,-11.074965308270464
2396,143.574139262646
2397,234.40212112857668
2398,369.6557477292894
2399,140.22923467835625
2400,64.9927089174583
2401,137.5447478946093
2402,89.77182132435904
2403,380.65202769665746
2404,89.1347829870722
2405,350.28363544728484
2406,58.03247378704566
2407,116.21547880276495
2408,339.1441783818626
2409,276.3370720303011
2410,95.36176046739548
2411,164.2352971813161
2412,172.96346251101176
2413,218.16195113514556
2414,237.59247843832128
2415,175.17716276831604
2416,130.4107157256754
2417,259.22621479803223
2418,58.86721738659668
2419,339.57911073786926
2420,92.05639680940484
2421,120.13211436608427
2422,62.02127149079824
2423,55.03998700846151
2424,131.6817519994945
2425,150.3542963813913
2426,311.46998974294917
2427,168.81156557293548
2428,204.69104638461042
2429,276.30127796227634
2430,10.967565902053622
2431,198.17052260815592
2432,403.8659614648446
2433,323.25445420960506
2434,181.72048148992536
2435,328.14750974071995
2436,299.3367764295258
2437,77.53804149392079
2438,306.4245267969937
2439,313.50040440438863
2440,66.73045108229422
2441,17.23040151816818
2442,198.33561830790347
2443,185.9739877850481
2444,205.57174901478368
2445,287.52959240664484
2446,79.5823997805415
2447,222.43636714900697
2448,246.36712864485804
2449,145.885221305496
2450,193.2522395224213
2451,326.23900012422564
2452,149.7547730956375
2453,339.9878749403339
2454,281.71803958469104
2455,87.67905326283724
2456,304.88912838405986
2457,294.24351440755254
2458,211.4869887862198
2459,229.25307845732067
2460,175.1502769490696
2461,226.04088240572037
2462,384.959848225364
2463,269.2545652768199
2464,91.35248663525635
2465,326.23168840138123
2466,284.1824550976302
2467,224.19279488069242
2468,212.209034725094
2469,371.3347938377785
2470,88.3998646818514
2471,268.6933230340657
2472,320.58748786405
2473,137.78058992010176
2474,240.4233864574635
2475,320.88476591506674
2476,269.4487801059593
2477,224.39523775132233
2478,228.56270626039537
2479,132.8001217612817
2480,185.5947188568285
2481,257.043261828323
2482,234.6944771361043
2483,240.45071512922877
2484,187.9842095339871
2485,143.29603904356753
2486,337.86584580811723
2487,147.99053094468698
2488,211.0666866788038
2489,233.6526388491187
2490,165.0719295227463
2491,195.83956005582257
2492,128.90470091732573
2493,184.762119250063
2494,57.442120623281056
2495,392.68466674816
2496,282.28689162536443
2497,68.31763787710449
2498,46.5174131491155
2499,250.24226897767886
2500,283.491965153165
2501,170.17473750776372
2502,306.8878639588954
2503,84.0400045391003
2504,38.62971035893807
2505,96.48408995563003
2506,17.264629086433388
2507,257.15846323998153
2508,-9.325755238463955
2509,173.6472249259031
2510,78.56162329980629
2511,108.43664875435812
2512,379.92702126677386
2513,297.40581636540577
2514,15.017773708170068
2515,119.10218819804503
2516,289.70847369474296
2517,34.48704223584696
2518,314.74306163717426
2519,355.212524497973
2520,370.09624136609426
2521,65.26596754932032
2522,363.397942777529
2523,156.88687912364944
2524,177.90550901515059
2525,98.5591478251582
2526,217.52755700637974
2527,336.9887043205223
2528,0.05905791685245276
2529,72.35988335358286
2530,220.15772381218397
2531,279.89893997116087
2532,192.8626055813284
2533,-25.880050018869326
2534,172.88145662641818
2535,259.19309487674064
2536,117.09872209104032
2537,259.824387656683
2538,173.41544183217684
2539,363.8068799416184
2540,82.97273988979705
2541,230.65803222703323
2542,280.6491113085817
2543,237.44293289653035
2544,60.435363044835015
2545,352.72118658489353
2546,261.08604001510747
2547,217.67363709428386
2548,78.29300418854821
2549,242.75003837371008
2550,220.73755515035901
2551,274.5882505080962
2552,124.0596032725656
2553,358.80181109009544
2554,110.33094757270455
2555,39.56817383034914
2556,90.63965627111499
2557,255.15784437878568
2558,80.91679889567715
2559,242.44596200678555
2560,351.30129795695177
2561,208.75321274158838
2562,45.373486033540814
2563,356.5106129824063
2564,163.53022377587786
2565,237.24443505743596
2566,145.37502879363868
2567,309.88588909076435
2568,388.0858861306307
2569,118.25634818079763
2570,16.72689366256691
2571,73.05299488684487
2572,281.1944949800696
2573,267.12601461427266
2574,362.8151019852458
2575,34.23414837736479
2576,23.272215993878945
2577,100.22947415259966
2578,238.3033639821292
2579,87.8205561008018
2580,76.09190428651536
2581,268.9203066704265
2582,287.06235969581195
2583,12.2274684537324
2584,69.99801605922377
2585,335.1637859894502
2586,228.74320520059197
2587,91.14424348144027
2588,189.8764682598844
2589,322.889546595213
2590,100.0779727761497
2591,165.70437705969567
2592,254.889587859462
2593,67.36249481065101
2594,362.7906888601718
2595,44.670670536499074
2596,77.73936503052711
2597,360.9330569490596
2598,279.8696902606565
2599,208.1628931660272
2600,227.259309320123
2601,4.260394351807747
2602,60.73238956708053
2603,223.96013507416677
2604,364.55324527853986
2605,394.1317848789625
2606,350.8201998557648
2607,394.8307147871283
2608,168.2120084829072
2609,5.4113157470155215
2610,331.67690380958794
2611,144.61886382162814
2612,216.14012599974242
2613,231.98667236522832
2614,116.4300021490555
2615,420.8201784257768
2616,147.95442963190612
2617,233.74429074918132
2618,339.6957726401382
2619,244.11174085838184
2620,148.82363254927887
2621,61.5517049546761
2622,280.9964940821104
2623,175.79205989660002
2624,303.34091080162295
2625,136.1577558470952
2626,9.48366271345489
2627,23.117282511019937
2628,328.11650571879295
2629,59.72390694131863
2630,175.53489959788044
2631,56.67637435779261
2632,110.69012019487006
2633,216.1575362299893
2634,350.03828770971387
2635,331.2541978160985
2636,185.75702655781316
2637,234.85441401642987
2638,105.18127711011397
2639,270.1206203346637
2640,39.41280643940968
2641,180.71329438871896
2642,294.1244645535504
2643,288.38662780882464
2644,83.74253003249275
2645,331.92974733335734
2646,192.01113808634787
2647,349.9185290361744
2648,223.03455866808758
2649,134.2957659776997
2650,233.25415362600347
2651,208.02606516725083
2652,277.02692147854236
2653,193.6625908137212
2654,51.31018835872837
2655,289.3194943373525
2656,53.79064802449497
2657,107.07401753212865
2658,262.7300197721658
2659,225.43669935460497
2660,128.72304754456005
2661,331.004890558537
2662,-60.1156431532342
2663,235.39556713961917
2664,156.66920824850502
2665,245.09292568330156
2666,248.85100465435127
2667,176.90995914932654
2668,164.50686464987214
2669,366.7349226962955
2670,55.860398848731705
2671,42.81622435360521
2672,194.32178356669957
2673,136.5076865896099
2674,194.05639356139397
2675,129.45596992317132
2676,177.05838016473064
2677,99.66789052266469
2678,420.4651771458695
2679,374.99488870011265
2680,421.4478535182089
2681,42.30657895266549
2682,301.8698134136904
2683,79.72704843568624
2684,234.95218462527598
2685,220.25445804450706
2686,203.90867862334522
2687,222.0233102329458
2688,11.827152523720315
2689,7.734556945814404
2690,118.82755790474079
2691,177.2329972895939
2692,133.06272890999279
2693,126.50135535341799
2694,319.60920294466825
2695,183.39549559422346
2696,389.5212622962227
2697,66.59916553975893
2698,202.6564414411618
2699,339.14944189489006
2700,228.27358000947166
2701,226.28614459980486
2702,128.98329513340786
2703,283.0368041308364
2704,106.466615566231
2705,238.3978298303125
2706,277.8685796123765
2707,185.33600534881904
2708,96.67680740212224
2709,345.3510261403874
2710,110.61459398020777
2711,310.98850961219216
2712,79.64930334464557
2713,92.2302837247279
2714,127.98687954867066
2715,264.87049049334746
2716,88.64501651828994
2717,276.9978908099855
2718,341.89698473402166
2719,56.006104502738026
2720,274.0348632936661
2721,261.62245802514974
2722,128.5602822614813
2723,177.80550628834487
2724,207.0679781647783
2725,445.62953068078144
2726,276.9933563752074
2727,126.68117756842524
2728,84.24256077771031
2729,220.23156041208463
2730,264.65258239532017
2731,158.20986573798996
2732,232.65281038975644
2733,170.84248010616648
2734,154.30240119252073
2735,300.93549869081454
2736,270.2226183919607
2737,184.0703967400343
2738,331.2787373319153
2739,274.790573414008
2740,258.8870933632407
2741,296.4520308195522
2742,154.0451698153114
2743,303.06078822278687
2744,172.78989846100515
2745,327.67203895503013
2746,244.57171402570975
2747,91.27298190792827
2748,21.8588509267384
2749,201.63785476314564
2750,185.1812110431198
2751,141.46545806894068
2752,154.8278196897606
2753,305.3156298649085
2754,340.9759169702926
2755,3.770092438432698
2756,246.47981477007778
2757,86.21571991736684
2758,294.4324930864814
2759,116.40245539229556
2760,223.9679806046891
2761,75.43582296720477
2762,126.00677842488216
2763,139.2122338729597
2764,349.80676512114144
2765,104.09080099710214
2766,162.0863889398534
2767,-19.911620880828593
2768,110.24979005499344
2769,-1.0573665224526394
2770,103.09845308289958
2771,282.1074404590046
2772,121.59706614998707
2773,329.9917403014019
2774,134.23140562055835
2775,247.64727874171496
2776,210.63825113983927
2777,166.36188340829753
2778,256.02504027469945
2779,277.25757448605157
2780,97.97814728200721
2781,295.92806623634
2782,272.9901425575928
2783,69.69098986467833
2784,350.48278277888267
2785,355.1736866625284
2786,217.0334035003504
2787,105.69592527196745
2788,67.34999517096931
2789,330.1502342660632
2790,99.1542349403856
2791,86.62550037583019
2792,202.17163892954716
2793,102.8881805302562
2794,212.30095403593666
2795,280.9962214063673
2796,89.04796866093376
2797,113.10286545399276
2798,99.02976866358841
2799,164.27647888543711
2800,261.2449301668751
2801,221.87672623925891
2802,212.7760761215856
2803,189.66273621922625
2804,152.57814769927649
2805,250.14997624215187
2806,14.158553570316087
2807,186.61870547443047
2808,14.487432833397179
2809,-46.3868653916731
2810,12.304808387813125
2811,233.26981318167122
2812,159.75334258531464
2813,399.2832963526695
2814,264.05110883759914
2815,346.6588072580787
2816,364.41429146364146
2817,196.33477294606007
2818,42.95814008607397
2819,114.56528936969727
2820,50.22280285859648
2821,323.97406701844636
2822,93.54874281373975
2823,222.6688581231026
2824,110.21795189182653
2825,119.44791547871483
2826,341.52712794246827
2827,-71.8998760366697
2828,258.6660937777573
2829,205.3517431983375
2830,200.13494040779835
2831,136.74880495815515
2832,193.80822348878493
2833,337.74071419940935
2834,259.42018236512706
2835,99.77555572595547
2836,107.6538137807134
2837,322.614686009796
2838,28.9688171868616
2839,239.90459623245664
2840,254.3183387439998
2841,314.2260547097769
2842,123.93542145307231
2843,404.36012688514234
2844,183.76335479102394
2845,182.84766331171983
2846,253.91784400281526
2847,63.9922409966771
2848,163.12136605433415
2849,315.5986425936701
2850,224.2632878297584
2851,179.71670137775166
2852,285.7691695305325
2853,67.05641590440618
2854,13.664739100258487
2855,311.48383988174476
2856,188.03609569869224
2857,53.41301669202545
2858,264.06559501834926
2859,343.8956673536918
2860,381.41226597137324
2861,66.08964879427872
2862,269.50288538344716
2863,116.78075039501303
2864,247.68287536409167
2865,169.55251690970704
2866,171.71830728643158
2867,343.6750307970516
2868,194.75510722009722
2869,350.7604054545538
2870,272.5067932874484
2871,378.7038598123647
2872,142.3756170073925
2873,224.6364944783797
2874,271.9419449475539
2875,77.69631360752548
2876,102.89797826900033
2877,201.30701343142664
2878,92.20166217123513
2879,-16.56257260687991
2880,173.94825634197093
2881,78.88501963186366
2882,102.70745017870982
2883,241.61417638224975
2884,51.728075315217865
2885,271.8373833263738
2886,70.49980330662251
2887,62.891527984011006
2888,152.15264267596754
2889,129.6496859308806
2890,61.13980129633424
2891,118.36627471272905
2892,137.50279278241192
2893,96.5596903230036
2894,112.24471071345903
2895,47.94473637776903
2896,322.88609019478764
2897,138.10435788641735
2898,262.8755077365141
2899,143.33269617752836
2900,326.0593141131344
2901,300.8833345141938
2902,165.50123363595944
2903,263.5485551182543
2904,311.2026428523327
2905,165.50574338320783
2906,228.90069220050478
2907,286.99957653617605
2908,160.42591903490717
2909,110.13666411201183
2910,133.29039102771776
2911,347.77148438166523
2912,259.6136346851519
2913,191.22513930311072
2914,-39.04236103601252
2915,243.77293733522268
2916,305.9178958104932
2917,227.77244169552284
2918,17.1960024228639
2919,168.8854773699053
2920,25.034285301235172
2921,262.72574061113187
2922,202.77986908262886
2923,92.30689616923371
2924,194.17213899611653
2925,5.939628505710431
2926,364.96271125690504
2927,-25.7052970288251
2928,51.215172438516134
2929,301.0580990539821
2930,182.28290024726522
2931,163.73175151475232
2932,171.70723408355644
2933,134.61917888131086
2934,160.63643707312474
2935,254.86892424484807
2936,271.92828590140704
2937,253.16883791887324
2938,196.1191576380915
2939,-44.049303468969725
2940,20.657476627984607
2941,114.61364724378707
2942,322.94331706192247
2943,165.5691536516077
2944,239.95975339100804
2945,269.35857318897223
2946,123.77794294852498
2947,376.67933322036674
2948,133.9142566966038
2949,190.34093194522558
2950,141.67051970888033
2951,58.86910589389433
2952,267.9380094707114
2953,142.06512265625096
2954,276.873690925928
2955,66.6168526086006
2956,224.98195445840503
2957,36.168899336777315
2958,284.56883677423343
2959,133.51313914737204
2960,322.4518057894111
2961,334.7545485935435
2962,171.57826493832673
2963,38.990397826058484
2964,107.5661072916788
2965,151.32926315431794
2966,333.21828951472213
2967,323.1686656147949
2968,35.2819635135362
2969,-10.806467440854306
2970,370.7698526344852
2971,117.32998620150619
2972,110.52399009751
2973,167.59449502690507
2974,257.5413836348217
2975,290.0733326068389
2976,276.7724254382498
2977,187.61393747551654
2978,150.34042589392556
2979,241.1137037912975
2980,90.89824481867655
2981,188.5175933950994
2982,120.26302222735461
2983,43.65693590522761
2984,344.44296200820463
2985,350.57268839970095
2986,406.7940357554976
2987,307.6450059944663
2988,240.96139300685724
2989,138.52326560762546
2990,104.97645583492115
2991,90.49985428424105
2992,185.39610380147877
2993,363.30791988514693
2994,77.45944814107838
2995,132.54767027694777
2996,171.41594236675067
2997,273.75707207146553
2998,210.45866474799533
2999,141.0451850040008
3000,135.48996350601746
3001,341.60365337735317
3002,217.1761948943678
3003,45.25672398244052
3004,275.95557966519175
3005,362.37164811993074
3006,200.16660760833363
3007,384.60709506558527
3008,96.35910413335907
3009,90.43088637287389
3010,349.92070811047677
3011,114.29746429730454
3012,69.23536039509735
3013,70.74390116058765
3014,312.33402951174713
3015,232.43252460257438
3016,21.091899411403432
3017,227.53015171284173
3018,175.53933314226242
3019,-0.0526883444746602
3020,311.48427880340904
3021,87.73665800183835
3022,153.71991873690575
3023,84.00970199549593
3024,179.21110331538338
3025,232.32717195586727
3026,239.62999750665008
3027,87.81324342614026
3028,214.6095247131139
3029,333.6486131227052
3030,271.8181290530266
3031,102.02713170077647
3032,414.83896456678025
3033,48.92590590015874
3034,139.33557096220332
3035,104.34145746203032
3036,216.70959168771876
3037,276.672806446648
3038,229.95051052357167
3039,92.69088153631883
3040,201.33095541694766
3041,283.4917283501388
3042,355.76511277367183
3043,161.80421441450352
3044,344.0262437506561
3045,288.3557284086327
3046,334.2185167941633
3047,19.987651850891496
3048,296.45862922940717
3049,209.0488887745237
3050,325.99069249755814
3051,394.76147269748657
3052,172.3083559359313
3053,48.79989048359849
3054,102.70679139997222
3055,146.60626515161846
3056,65.22141088393775
3057,223.27414934016792
3058,232.12496955420414
3059,168.0703940835996
3060,213.1766718189208
3061,-44.348209640071104
3062,93.72779184742048
3063,306.1500208892935
3064,163.6319743717667
3065,211.745013126667
3066,-22.191616215052193
3067,225.76126487913064
3068,165.2704998096198
3069,111.92974218174355
3070,148.57228925689162
3071,108.54916995401392
3072,239.51944239405753
3073,66.69641963726433
3074,84.28980670423502
3075,189.998585119148
3076,98.92058726249684
3077,125.85133946299962
3078,122.90850794374919
3079,329.1592712584029
3080,127.71339841471217
3081,218.3063853049327
3082,190.89370000324507
3083,278.0710678965619
3084,268.77932261207815
3085,51.06798114824886
3086,41.96099355522432
3087,189.5889653453336
3088,295.5588532156597
3089,69.23543045390088
3090,296.6542598599308
3091,78.85374400995767
3092,332.9921606276324
3093,271.4712670895828
3094,143.12182661624544
3095,201.59403822533682
3096,322.41446669715396
3097,87.7646162394754
3098,130.18362446972114
3099,181.10941543601308
3100,265.22563045180704
3101,144.41487798769867
3102,56.39263333307957
3103,177.89506540196132
3104,65.91967662019604
3105,130.36962140142856
3106,205.8277248167055
3107,-2.825884111335995
3108,16.839185639925745
3109,294.334517982189
3110,232.31051201678537
3111,321.5986505219819
3112,60.878589489267796
3113,104.35189491547389
3114,80.1934174666829
3115,80.82971429821914
3116,181.40219935766729
3117,238.4344026244665
3118,249.24148061683377
3119,219.26239102306465
3120,100.5817215849429
3121,63.000732955775334
3122,334.84511329635075
3123,14.874761572887905
3124,338.3719129357212
3125,45.025501816031806
3126,34.70696613466231
3127,305.7810440539986
3128,108.03622736677306
3129,273.2132090829725
3130,43.09488573697121
3131,282.9577958021028
3132,256.8142517972192
3133,12.07637671379672
3134,150.54812429409336
3135,107.76462991710565
3136,244.0448630614439
3137,148.72869799630467
3138,124.80676404299308
3139,81.1876377481942
3140,148.63804110740801
3141,358.9219136530386
3142,325.0979340018036
3143,285.80448238186716
3144,125.59137619501561
3145,200.57632698464064
3146,338.9573302299464
3147,342.11334604707514
3148,113.57642142766855
3149,335.12355840474504
3150,98.83274966083209
3151,314.00176727039764
3152,218.82927369274478
3153,215.33967398013687
3154,295.52364420865047
3155,159.77645412830924
3156,241.53637574323608
3157,-43.62048543413607
3158,180.0514966980228
3159,171.9187506474192
3160,282.4701434509393
3161,276.48507762517113
3162,290.72273314136453
3163,81.06552647621335
3164,-17.07332085813391
3165,74.13547482158724
3166,293.038237861513
3167,272.4439455730966
3168,204.27697216109203
3169,381.9622009586183
3170,173.99968219909337
3171,65.99781192990606
3172,119.38838806890605
3173,328.3721818759192
3174,331.1300809587871
3175,115.79217312429012
3176,341.85377885819037
3177,45.2019372213976
3178,115.8092339446969
3179,237.36705454807444
3180,31.59418657179981
3181,128.91413506141163
3182,342.31121634713304
3183,27.330709197613203
3184,144.94739664265379
3185,111.10287911038293
3186,169.1506442816948
3187,318.1921749409273
3188,80.39861137344161
3189,115.10057713540745
3190,103.80522789579405
3191,74.52066168682632
3192,161.76788814637518
3193,122.01445417306277
3194,244.1383778803391
3195,189.90571960079438
3196,152.18368080170447
3197,130.04343573171218
3198,203.69628366624704
3199,285.87138544626066
3200,297.1016971182584
3201,311.84567349255025
3202,115.1437383647731
3203,192.6943893558762
3204,73.74086023363847
3205,245.05861213450703
3206,296.58008427275877
3207,115.80596615996933
3208,235.28631341502881
3209,306.9537336171341
3210,189.71320945642634
3211,72.8900945865083
3212,100.89115909391526
3213,220.11598347448248
3214,41.55547851331528
3215,353.4938485686302
3216,335.7669312912285
3217,409.1502803588821
3218,-36.13509734264028
3219,258.7801315910901
3220,260.43396543377594
3221,332.4130808743975
3222,227.53356124424073
3223,287.83846733112637
3224,303.41574154921597
3225,199.12256740973615
3226,97.93137355753727
3227,73.9618923584812
3228,308.14995606161796
3229,280.39540694151
3230,196.53863196573886
3231,-39.36622747044794
3232,301.96016502491153
3233,-8.11412806574748
3234,247.68106791861192
3235,221.91665173990802
3236,46.864465980556474
3237,365.47196379948844
3238,-12.1240321933318
3239,220.52281681584049
3240,50.63186202205867
3241,-9.488538802609156
3242,398.4011640122675
3243,118.2558438756532
3244,191.79920527660678
3245,227.42910021992552
3246,76.72817124402991
3247,248.01346571996953
3248,-17.468338947651063
3249,128.03982492113477
3250,136.3039487044125
3251,163.18825124870733
3252,212.421648228154
3253,308.02218052791943
3254,-12.341949058742046
3255,95.58315844689797
3256,271.357569151459
3257,422.0707177043147
3258,346.95581880569364
3259,213.01521053529837
3260,190.59743495233968
3261,252.07647456313777
3262,122.33538028745616
3263,356.0525790778329
3264,118.04767098792313
3265,360.77805811305507
3266,238.656377968801
3267,177.2431902980885
3268,274.8800509299171
3269,262.38820638481326
3270,-26.620085428501625
3271,97.66374362533308
3272,189.49065338680467
3273,120.36209084585774
3274,159.11969612692332
3275,283.7717766145986
3276,262.89007174180506
3277,98.49822810889526
3278,20.235857712199675
3279,281.22726079760946
3280,51.520991643204184
3281,308.4268126888909
3282,37.34298420984601
3283,203.3837327609123
3284,272.29936617691226
3285,363.28279001146495
3286,45.004716244393705
3287,127.1954888626683
3288,252.15958936919145
3289,114.49228884833539
3290,357.24542634971624
3291,253.7134690155406
3292,220.03157343752088
3293,281.27659879084945
3294,197.0560430899317
3295,179.16395793848633
3296,-5.937138584384513
3297,217.78089706021126
3298,165.94605516769033
3299,212.2766715009571
3300,69.35757217799467
3301,220.74476977325827
3302,213.54746234632904
3303,326.2495199360185
3304,-14.828681475162512
3305,133.89853986325107
3306,115.37615641971698
3307,235.63636306540647
3308,161.55186917030196
3309,223.22986253336512
3310,280.44867417790533
3311,119.02187647246069
3312,354.84033084295936
3313,-14.396614048541153
3314,318.98722106199415
3315,208.24574645002252
3316,169.01268057142397
3317,120.11500912236706
3318,165.37982974414572
3319,53.107254386808506
3320,-54.094171678250206
3321,161.98572389096682
3322,4.811922743034273
3323,336.71939848723883
3324,300.5805898142423
3325,287.99199097264045
3326,141.52175667084572
3327,116.8009529965384
3328,62.096036713605315
3329,43.169762617353115
3330,110.25528432507319
3331,256.59216597172866
3332,117.8622813906613
3333,196.95242558141
3334,320.0616056252769
3335,50.6863905139617
3336,250.0504795744803
3337,142.50499664562236
3338,58.14729987126964
3339,156.48687580775848
3340,108.90835812421233
3341,362.1852330102835
3342,126.61822889100628
3343,267.01718053956745
3344,181.92013314797396
3345,323.14861021416914
3346,3.7703167891605744
3347,293.3774309132998
3348,-69.30203697338061
3349,204.5275088308889
